,country,life_exp,cont,year,GDP_Per_Capita,birth_rate_cap,total_fertility,age_childbear
17,Afghanistan,41.228,Asia,1970,225.811558117818,48.1,8.21,30.0
39,Afghanistan,60.364,Asia,2000,423.407101823935,38.400000000000006,7.52,30.1
61,Albania,69.584,Europe,1970,821.218507999472,32.5,5.16,29.7
71,Albania,72.88,Europe,1980,895.924262148216,26.2,3.33,28.8
81,Albania,75.183,Europe,1990,1004.17988730455,23.6,2.86,27.6
93,Albania,77.781,Europe,2000,4109.89315287614,12.6,1.61,27.7
113,Algeria,51.755,Africa,1970,1827.57019502987,43.9,7.86,30.4
123,Algeria,67.085,Africa,1980,2223.60679692309,38.3,5.35,31.8
133,Algeria,70.032,Africa,1990,1599.25192839523,25.1,4.38,31.7
143,Algeria,73.62,Africa,2000,3898.47892309037,21.4,2.38,32.1
195,Angola,55.752,Africa,2000,3123.69875363117,42.5,5.79,29.3
217,Antigua and Barbuda,73.035,North America,1970,1744.06735559717,25.4,2.68,27.1
231,Antigua and Barbuda,73.566,North America,1980,3763.04974218469,18.7,1.86,25.8
237,Antigua and Barbuda,74.347,North America,1990,10379.1604015118,19.9,2.2,27.2
247,Antigua and Barbuda,76.669,North America,2000,14530.5986896353,21.1,2.36,28.1
269,Argentina,68.491,South America,1970,2679.6671289786,22.7,3.07,28.1
279,Argentina,71.425,South America,1980,2581.76530451724,21.4,2.96,27.6
289,Argentina,73.722,South America,1990,8387.03249452985,18.9,2.56,27.8
302,Argentina,75.936,South America,2000,8267.53994660745,18.4,2.38,28.0
321,Armenia,70.514,Europe,1990,622.688397271085,13.0,1.63,24.8
333,Armenia,72.813,Europe,2000,3111.1456974399,11.7,1.37,25.4
353,Aruba,70.778,North America,1970,5086.33420229471,20.7,2.53,28.3
363,Aruba,73.047,North America,1980,10372.9630804865,18.2,1.94,27.0
373,Aruba,73.561,North America,1990,20782.619496716,17.8,2.08,27.2
383,Aruba,74.56,North America,2000,25740.7702303087,12.3,1.74,27.2
405,Australia,74.0039024390244,Oceania,1970,10362.1390419826,20.6,2.86,27.1
415,Australia,76.7136585365854,Oceania,1980,19053.2333744409,15.7,1.89,27.7
424,Australia,78.9317073170732,Oceania,1990,22723.0591553695,14.2,1.82,29.0
434,Australia,81.5439024390244,Oceania,2000,46952.0905196545,12.7,1.79,30.1
456,Austria,72.3121951219512,Europe,1970,9796.75067678717,15.0,2.31,26.6
466,Austria,75.2658536585366,Europe,1980,17469.1671548551,11.6,1.48,26.6
476,Austria,77.8756097560976,Europe,1990,27176.727625305,11.2,1.41,27.7
486,Austria,80.4317073170732,Europe,2000,51712.9494845637,9.5,1.41,29.0
508,Azerbaijan,64.189,Europe,1990,565.481859165913,18.6,2.19,26.3
519,Azerbaijan,69.356,Europe,2000,4856.82188096247,16.7,2.33,26.2
540,Bahrain,70.456,Asia,1970,8421.89365471037,29.2,6.7,25.6
550,Bahrain,72.619,Asia,1980,8950.31634408545,29.5,4.53,30.7
560,Bahrain,74.98,Asia,1990,10955.1881338375,24.1,3.01,31.0
570,Bahrain,78.461,Asia,2000,19448.1851652978,18.15,2.61,29.6
592,Bangladesh,51.464,Asia,1970,180.18018038969,42.9,6.08,27.5
603,Bangladesh,55.089,Asia,1980,256.970233054904,38.0,4.61,28.1
614,Bangladesh,66.228,Asia,1990,353.107787422518,29.5,3.26,25.8
622,Bangladesh,67.403,Asia,2000,734.878975850348,27.4,3.02,25.5
644,Barbados,71.526,North America,1970,3191.35843762632,20.4,2.97,27.2
654,Barbados,72.74,North America,1980,7910.35793537616,16.9,1.86,26.6
664,Barbados,74.039,North America,1990,11578.9071544839,15.8,1.74,27.8
674,Barbados,75.678,North America,2000,16310.4703953015,12.850000000000001,1.9,27.5
705,Belarus,70.4560975609756,Europe,2000,6416.86703886436,9.3,1.2,26.2
707,Belarus,70.8365853658537,Europe,1990,1867.96625990613,9.9,1.38,24.9
727,Belgium,73.1936585365854,Europe,1970,11851.9779454138,14.7,2.24,27.2
737,Belgium,75.6326829268293,Europe,1980,16525.9441630725,11.6,1.55,27.4
747,Belgium,77.619512195122,Europe,1990,25248.9707855979,11.4,1.56,28.5
757,Belgium,80.0341463414634,Europe,2000,44560.788065762,11.65,1.75,30.9
779,Belize,67.399,North America,1970,1102.48412810334,36.4,6.25,28.5
807,Belize,70.744,North America,1990,3009.16170196452,30.1,4.0,27.0
808,Belize,70.781,North America,1980,2206.59470474839,35.7,5.02,27.6
841,Benin,52.684,Africa,1980,325.865073778658,54.0,7.08,29.4
851,Benin,56.526,Africa,1990,541.50366584338,40.6,5.96,29.5
861,Benin,57.956,Africa,2000,1057.4622587939,41.35,5.74,29.2
883,Bermuda,73.299,North America,1970,14058.7747633853,20.0,1.86,26.5
898,Bermuda,74.91,North America,1980,32685.440377159,16.0,1.85,27.2
912,Bermuda,79.949,North America,1990,51655.1985875287,13.6,1.74,28.7
921,Bermuda,81.12,North America,2000,71480.7549569652,12.899999999999999,1.81,28.7
956,Bhutan,62.23,Asia,1990,703.706181191921,39.9,5.59,29.4
965,Bhutan,67.897,Asia,2000,1768.74651818836,26.55,4.69,29.4
990,Bosnia and Herzegovina,75.076,Europe,1990,1131.32776396388,12.8,1.71,26.9
1004,Bosnia and Herzegovina,76.976,Europe,2000,4542.31091269208,9.0,1.2,27.3
1032,Botswana,58.279,Africa,2000,4938.25201007683,29.3,3.27,28.1
1039,Botswana,60.176,Africa,1970,665.44278380495,44.5,6.5,30.8
1055,Botswana,62.678,Africa,1980,949.117859529572,41.6,4.54,30.0
1070,Brazil,61.253,South America,1970,1565.34497895037,37.7,5.15,29.5
1080,Brazil,65.868,South America,1980,2549.01119419176,31.9,3.37,28.0
1090,Brazil,69.524,South America,1990,3440.5229050543,21.6,2.54,26.6
1101,Brazil,72.948,South America,2000,8569.90089143029,17.049999999999997,2.01,26.0
1132,Bulgaria,71.3948780487805,Europe,1970,1418.14511336961,16.3,2.17,24.7
1141,Bulgaria,71.6414634146342,Europe,1990,2363.88596942809,8.6,1.23,24.2
1144,Bulgaria,71.7307317073171,Europe,1980,1970.59991150503,13.3,1.97,24.0
1153,Bulgaria,73.4121951219512,Europe,2000,6814.09877865966,9.2,1.31,26.1
1184,Burkina Faso,49.174,Africa,1980,334.11916996529,49.6,7.18,29.4
1194,Burkina Faso,50.325,Africa,1990,293.779673197638,46.1,6.44,29.5
1204,Burkina Faso,55.959,Africa,2000,601.456763013935,40.7,5.88,29.6
1233,Burundi,44.59,Africa,1970,191.624535780108,44.5,6.13,30.7
1243,Burundi,47.528,Africa,1990,130.764789861153,48.0,6.69,31.5
1256,Burundi,56.388,Africa,2000,203.860702555646,38.9,5.6,31.4
1350,Cambodia,57.69,Asia,1990,295.216087354411,38.0,5.64,29.6
1360,Cambodia,67.444,Asia,2000,734.81457679204,24.85,3.4,29.0
1407,Cameroon,54.868,Africa,1990,1213.6375367014,35.4,4.8,28.3
1409,Cameroon,54.947,Africa,1980,1081.18090050945,41.0,5.82,28.3
1412,Cameroon,56.102,Africa,2000,1440.06418446298,37.8,4.97,28.3
1434,Canada,74.8663414634146,North America,1970,10136.2004212476,17.1,2.26,27.2
1444,Canada,77.1248780487805,North America,1980,20819.5394486805,14.5,1.65,27.4
1454,Canada,78.8390243902439,North America,1990,22316.0993933454,12.9,1.64,28.2
1463,Canada,81.0660975609756,North America,2000,40918.8506604706,10.95,1.55,29.5
1506,Central African Republic,49.597,Africa,1970,427.819918221489,43.0,5.84,28.7
1507,Central African Republic,49.635,Africa,1990,536.590489536436,38.3,5.08,28.2
1518,Central African Republic,50.518,Africa,1980,354.428797751576,41.6,6.07,29.7
1558,Chad,47.372,Africa,1990,217.855613738598,43.6,6.37,28.0
1568,Chad,49.196,Africa,2000,891.107108010156,44.6,6.34,28.3
1590,Chile,68.186,South America,1970,2043.00848242906,27.4,3.57,28.4
1600,Chile,72.54,South America,1980,1874.57596684439,21.6,2.33,27.4
1610,Chile,76.018,South America,1990,5012.33914948986,18.5,2.23,27.4
1621,Chile,78.741,South America,2000,10240.8912464749,14.55,1.82,28.0
1643,Colombia,66.38,South America,1970,1534.11250454722,34.8,4.54,30.0
1652,Colombia,68.533,South America,1980,1739.40394710966,28.1,3.2,28.0
1662,Colombia,70.926,South America,1990,2649.55637550275,26.5,2.96,27.0
1673,Colombia,74.742,South America,2000,5244.35326618386,19.2,2.39,26.6
1704,Comoros,55.224,Africa,1980,992.3987717222,46.0,5.55,30.0
1715,Comoros,58.781,Africa,1990,881.006045254275,31.6,4.66,30.3
1746,Costa Rica,72.423,North America,1970,2192.8405357406,33.4,4.92,29.0
1756,Costa Rica,76.263,North America,1980,2166.56816750248,33.8,3.52,27.4
1767,Costa Rica,77.138,North America,1990,3653.69416393967,25.6,2.71,27.0
1778,Costa Rica,78.672,North America,2000,6737.86075358885,16.5,2.0,26.7
1798,Croatia,72.6419512195122,Europe,1990,5130.78387565194,10.7,1.48,27.2
1808,Croatia,76.1682926829268,Europe,2000,14450.5966501273,9.6,1.41,28.4
1830,Cuba,72.447,North America,1970,2003.55881299132,27.7,3.69,26.5
1841,Cuba,73.981,North America,1980,2567.15077740449,18.1,1.89,24.7
1851,Cuba,75.893,North America,1990,2562.29983232301,13.5,1.48,25.5
1863,Cuba,77.548,North America,2000,5501.99256681513,10.7,1.36,26.3
1882,Cyprus,71.895,Europe,1970,3960.61732480635,19.2,2.74,28.5
1892,Cyprus,73.48,Europe,1980,9015.38048315057,18.5,2.38,26.9
1902,Cyprus,76.295,Europe,1990,15282.9843630321,11.5,2.03,28.1
1912,Cyprus,79.401,Europe,2000,32107.3204482557,8.4,1.42,29.6
1941,Denmark,74.6324390243903,Europe,1970,9771.99729280011,14.4,1.96,26.7
1944,Denmark,74.799756097561,Europe,1980,21895.4303252995,10.5,1.44,27.7
1954,Denmark,76.3414634146341,Europe,1990,33452.8293346403,13.3,1.82,29.2
1964,Denmark,78.5975609756098,Europe,2000,58128.3074828727,11.9,1.8,30.2
2006,Djibouti,56.427,Africa,1990,729.905418297748,30.3,5.08,31.5
2052,Dominica,70.97,North America,1970,756.081224144109,35.8,5.48,28.3
2062,Dominica,71.634,North America,1990,4385.99454102993,20.7,2.67,27.8
2076,Dominica,73.305,North America,2000,6661.46504737997,14.3,2.1,28.7
2077,Dominica,73.521,North America,1980,1365.26957155442,22.8,2.94,26.9
2090,Dominican Republic,60.822,North America,1970,1078.19014826014,36.9,6.2,30.3
2110,Dominican Republic,69.279,North America,1990,2599.13569883882,27.7,3.16,26.0
2120,Dominican Republic,71.871,North America,2000,4982.45897288324,22.799999999999997,2.99,25.7
2142,Ecuador,62.696,South America,1970,1788.37347854021,37.4,5.9,29.8
2152,Ecuador,68.749,South America,1980,1359.83530171099,32.8,4.24,28.8
2163,Ecuador,72.463,South America,1990,1581.96722764321,28.2,3.29,28.0
2174,Ecuador,75.184,South America,2000,4240.70259271564,24.2,2.84,27.4
2199,El Salvador,54.875,North America,1970,397.284989198506,40.0,6.13,28.6
2204,El Salvador,61.476,North America,1980,957.163386868429,29.0,4.22,27.2
2214,El Salvador,69.379,North America,1990,1904.87489457873,28.1,3.59,27.0
2226,El Salvador,71.576,North America,2000,2889.68523217474,18.05,2.81,26.8
2256,Equatorial Guinea,50.668,Africa,1980,307.805731680396,42.0,5.96,28.0
2266,Equatorial Guinea,52.752,Africa,1990,1400.08148204354,43.1,5.51,30.1
2276,Equatorial Guinea,57.431,Africa,2000,14398.772796858,43.2,5.92,28.4
2299,Eritrea,56.312,Africa,1990,341.280821275031,38.3,6.1,30.0
2330,Estonia,70.0634146341463,Europe,1990,4106.77890039548,9.4,1.32,25.6
2340,Estonia,74.8243902439024,Europe,2000,14717.8507243283,10.7,1.5,28.2
2362,Ethiopia,49.927,Africa,1990,122.379648362907,39.0,5.52,29.7
2372,Ethiopia,58.804,Africa,2000,324.984264030032,35.1,5.41,29.8
2397,Fiji,62.941,Oceania,1970,1621.64961358058,29.9,4.22,28.4
2404,Fiji,65.277,Oceania,1980,1530.5655947211,27.9,3.14,26.9
2420,Fiji,66.763,Oceania,1990,2351.72736182033,24.2,2.95,26.9
2425,Fiji,67.089,Oceania,2000,3184.67556987453,21.55,2.61,28.2
2446,Finland,73.1553658536586,Europe,1970,9308.35319555015,14.0,1.82,27.1
2456,Finland,74.7921951219512,Europe,1980,23971.7177849422,12.8,1.65,28.4
2466,Finland,77.2912195121951,Europe,1990,26176.5011397258,12.3,1.81,29.3
2476,Finland,79.719512195122,Europe,2000,47291.6401256462,11.0,1.8,29.9
2498,France,73.8512195121951,Europe,1970,11213.3410444152,16.7,2.47,27.7
2508,France,76.3487804878049,Europe,1980,17746.7362849023,13.9,1.83,28.0
2518,France,78.7560975609756,Europe,1990,24754.1132026642,12.6,1.7,29.5
2527,France,81.4146341463415,Europe,2000,41899.1874909368,12.7,1.91,30.2
2569,Gabon,60.849,Africa,1990,4160.67532351556,36.0,5.17,28.3
2601,Georgia,69.319,Europe,1990,670.284743401535,11.9,1.54,25.0
2612,Georgia,71.95,Europe,2000,2937.9894953786,10.7,1.39,26.0
2633,Germany,72.6301707317073,Europe,1970,11311.0552601663,13.5,2.02,26.8
2644,Germany,75.1915365853659,Europe,1980,17728.1208007552,10.5,1.39,27.4
2653,Germany,77.7268292682927,Europe,1990,26903.1635964241,9.4,1.25,28.9
2663,Germany,79.8365853658537,Europe,2000,41810.9853959123,8.3,1.33,29.5
2685,Ghana,50.932,Africa,1970,548.919686701011,49.6,7.04,29.5
2705,Ghana,58.03,Africa,1990,853.736041551079,34.45,4.43,29.4
2715,Ghana,60.946,Africa,2000,1378.1384996456,31.700000000000003,4.44,30.3
2738,Greece,74.6210731707317,Europe,1970,5925.87027528106,16.5,2.43,27.4
2748,Greece,76.980756097561,Europe,1980,7535.22389986922,11.7,1.68,26.3
2758,Greece,78.1365853658537,Europe,1990,13162.8695482838,9.5,1.32,28.2
2767,Greece,80.1878048780488,Europe,2000,29847.6317918291,9.7,1.34,29.8
2790,Grenada,68.151,North America,1970,524.12067978496,29.0,4.64,27.8
2798,Grenada,70.419,North America,1980,2160.95754536686,34.0,3.54,27.5
2810,Grenada,72.903,North America,1990,3556.4789487352,23.2,3.0,28.4
2843,Guatemala,56.185,North America,1970,888.694590407232,40.5,5.75,28.8
2850,Guatemala,62.374,North America,1980,834.737964753724,42.2,5.88,29.2
2860,Guatemala,66.869,North America,1990,1401.89277232373,37.2,4.81,28.8
2871,Guatemala,70.641,North America,2000,2604.2438916029,28.25,3.97,28.6
2902,Guinea,46.847,Africa,1980,580.497668054472,45.5,5.84,28.8
2912,Guinea,52.356,Africa,1990,581.220383594434,37.3,5.96,28.6
2922,Guinea,56.348,Africa,2000,670.261253521271,38.4,5.7,29.0
2996,Guyana,61.133,South America,1970,1070.70784507112,33.4,4.88,27.6
3006,Guyana,62.238,South America,1980,805.626878086742,24.5,2.63,27.3
3016,Guyana,64.17,South America,1990,1461.64108419882,20.7,2.36,27.8
3027,Guyana,66.563,South America,2000,4213.814514606,21.9,3.71,28.5
3049,Haiti,49.675,North America,1970,258.846618780143,37.6,5.7,31.8
3059,Haiti,52.755,North America,1980,439.048159529233,36.0,6.4,30.1
3069,Haiti,57.961,North America,1990,828.740003708947,34.1,4.78,30.2
3080,Haiti,61.741,North America,2000,1165.76760339272,27.049999999999997,3.53,30.9
3100,Honduras,59.908,North America,1970,733.333985168464,49.2,7.5,29.3
3111,Honduras,64.856,North America,1980,1254.49063338731,38.0,5.33,28.7
3120,Honduras,68.422,North America,1990,999.028905143754,28.8,4.95,28.6
3167,Hungary,69.8480487804878,Europe,1970,1537.00675656707,14.7,1.98,25.5
3168,Hungary,70.0234146341463,Europe,1980,3080.90068610767,12.2,1.83,25.1
3172,Hungary,70.7024390243902,Europe,1990,4598.08961592319,11.0,1.57,26.3
3181,Hungary,73.9048780487805,Europe,2000,13095.692926302,9.7,1.22,28.5
3206,Iceland,76.9721951219512,Europe,1970,7580.10713702793,19.7,2.79,27.3
3216,Iceland,78.1409756097561,Europe,1980,22417.5047035396,16.0,1.95,27.4
3223,Iceland,79.6024390243903,Europe,1990,31003.1139287028,16.0,2.08,28.7
3233,Iceland,81.7512195121951,Europe,2000,41262.2841805283,14.5,2.04,29.4
3254,India,53.06,Asia,1970,223.210402161877,36.9,5.35,29.4
3264,India,58.233,Asia,1980,356.818417646233,32.9,4.27,27.9
3274,India,62.207,Asia,1990,443.816554757713,28.3,3.33,27.5
3284,India,66.513,Asia,2000,1074.8504934395,23.8,2.88,26.8
3306,Indonesia,58.153,Asia,1970,413.744315432422,40.6,4.78,28.1
3316,Indonesia,62.696,Asia,1980,660.498131418557,35.5,3.08,28.3
3327,Indonesia,66.221,Asia,1990,776.199465493106,23.0,2.79,28.1
3337,Indonesia,68.494,Asia,2000,2384.02373171863,20.6,2.56,28.2
3372,Iraq,64.791,Asia,1970,1210.69454343411,42.6,7.13,31.0
3386,Iraq,66.897,Asia,1990,365.636436943613,29.4,4.64,30.4
3389,Iraq,67.084,Asia,2000,928.956911322696,31.0,4.02,30.1
3410,Ireland,72.2680243902439,Europe,1970,5466.32602221096,21.9,3.85,30.3
3420,Ireland,74.4552195121951,Europe,1980,11266.9966380681,17.7,2.49,29.9
3430,Ireland,76.1804878048781,Europe,1990,24519.5846909544,13.5,1.88,30.3
3440,Ireland,80.190243902439,Europe,2000,52334.7032951196,14.7,1.88,31.2
3462,Israel,73.5073170731707,Asia,1970,5738.68833349001,27.2,3.91,28.3
3472,Israel,76.3073170731707,Asia,1980,10654.6610010228,23.5,3.12,28.5
3482,Israel,78.6585365853659,Asia,1990,19546.8730697326,21.1,2.89,29.3
3492,Israel,81.4048780487805,Asia,2000,28883.3441296848,20.8,2.83,30.0
3515,Italy,74.0026829268293,Europe,1970,7021.0185725566,16.8,2.41,28.2
3524,Italy,76.819512195122,Europe,1980,16374.5530647854,10.2,1.41,28.1
3534,Italy,79.4243902439024,Europe,1990,21985.8790208141,9.2,1.19,29.8
3544,Italy,81.6365853658537,Europe,2000,36786.5240549018,9.5,1.3,30.8
3566,Jamaica,69.048,North America,1970,1431.99533688295,34.7,5.54,27.4
3598,Jamaica,72.124,North America,2000,4452.12123985948,17.05,1.93,27.3
3599,Jamaica,72.157,North America,1980,2127.26391868099,24.5,2.95,26.8
3602,Jamaica,72.304,North America,1990,2206.08628710569,25.6,2.67,26.9
3619,Japan,76.1087804878049,Asia,1970,9035.306132493,19.0,2.1,27.8
3628,Japan,78.7685365853659,Asia,1980,24782.167099641,11.9,1.73,28.3
3638,Japan,80.5014634146342,Asia,1990,32447.2720193752,9.5,1.39,29.4
3650,Japan,82.9314634146342,Asia,2000,41286.4178904505,8.4,1.22,30.0
3670,Jordan,65.851,Asia,1970,1496.53154864563,47.7,7.63,29.5
3680,Jordan,69.57,Asia,1980,1285.82336855394,36.6,5.57,30.4
3690,Jordan,71.694,Asia,1990,1697.52139260954,32.2,4.35,29.9
3700,Jordan,73.801,Asia,2000,3618.89262682576,28.5,3.59,29.9
3731,Kazakhstan,68.3365853658537,Asia,1990,1758.75947420768,17.5,2.1,26.0
3732,Kazakhstan,68.39,Asia,2000,7030.00201995031,20.549999999999997,2.21,27.7
3772,Kenya,58.614,Africa,1990,598.9884326645,34.8,4.7,28.3
3779,Kenya,60.365,Africa,2000,1049.12178759176,36.15,4.88,28.5
3787,Kenya,61.165,Africa,1980,647.317253712136,48.0,6.66,29.0
3806,Kiribati,57.083,Oceania,1970,568.337278622399,34.9,4.34,28.9
3816,Kiribati,60.408,Oceania,1980,497.800428776169,37.5,4.77,29.6
3826,Kiribati,64.136,Oceania,1990,887.585154254196,32.2,4.53,30.0
3836,Kiribati,64.989,Oceania,2000,1063.8786056883,26.6,3.89,29.8
3890,Kuwait,69.677,Asia,1970,17524.8720502155,44.9,6.78,28.8
3902,Kuwait,74.826,Asia,1980,11001.8180344531,31.6,4.31,29.4
3910,Kuwait,76.416,Asia,1990,16045.0362815823,25.3,3.13,29.4
3921,Kuwait,77.442,Asia,2000,37905.9017072373,22.5,2.76,29.8
3942,Latvia,69.7429268292683,Europe,1990,3104.92295381771,8.7,1.25,25.8
3952,Latvia,73.0804878048781,Europe,2000,12422.4284295482,9.3,1.31,28.2
3985,Lebanon,67.294,Asia,1970,1774.54981266228,34.4,4.57,30.2
3994,Lebanon,73.49,Asia,1990,4002.09466351708,27.0,2.91,29.6
4029,Lesotho,48.427,Africa,2000,411.33117186455,25.85,3.54,28.5
4052,Lesotho,55.338,Africa,1970,229.955256969008,40.2,5.62,30.3
4064,Lesotho,59.398,Africa,1990,326.7891930279,30.0,4.77,31.0
4068,Lesotho,59.62,Africa,1980,275.430090104764,37.0,5.49,30.2
4095,Liberia,45.436,Africa,1980,502.087105842441,27.3,6.66,29.3
4110,Liberia,59.194,Africa,2000,295.76964896368,38.95,5.2,28.8
4130,Libya,64.26,Africa,1970,10057.9446744127,41.2,7.24,30.0
4140,Libya,68.99,Africa,1980,6551.44456220239,40.2,6.32,30.8
4155,Libya,71.284,Africa,1990,6490.40607487936,18.6,3.87,33.3
4167,Libya,72.356,Africa,2000,9560.80380767523,19.65,2.51,32.5
4179,Liechtenstein,79.109756097561,Europe,1990,90341.7462517988,13.7,1.56,30.2
4196,Liechtenstein,82.6829268292683,Europe,2000,158755.600890282,11.0,1.5,31.1
4213,Lithuania,71.5707317073171,Europe,1990,3019.24648701247,11.1,1.49,25.6
4220,Lithuania,72.9146341463415,Europe,2000,11755.0791163584,8.9,1.27,27.6
4243,Luxembourg,72.3307804878049,Europe,1970,15201.3401607755,13.0,1.98,27.2
4252,Luxembourg,74.7882195121951,Europe,1980,25221.5888532114,11.2,1.4,27.9
4263,Luxembourg,77.7707317073171,Europe,1990,50987.1617574253,13.3,1.7,28.9
4273,Luxembourg,80.6365853658537,Europe,2000,108962.506590355,11.5,1.63,29.7
4301,Madagascar,49.851,Africa,1970,377.175629193393,45.0,6.62,29.3
4314,Madagascar,57.372,Africa,1990,274.630334633781,43.150000000000006,5.96,28.5
4324,Madagascar,62.734,Africa,2000,455.407373684564,34.349999999999994,5.18,28.4
4357,Malawi,43.641,Africa,1990,244.606166448788,37.9,6.35,28.9
4359,Malawi,44.268,Africa,1970,305.209195240582,48.3,6.65,30.6
4368,Malawi,46.038,Africa,1980,312.207068932962,41.2,7.58,29.7
4376,Malawi,55.448,Africa,2000,432.978243049431,41.55,6.04,28.8
4398,Malaysia,67.762,Asia,1970,1647.63107389894,36.8,4.67,29.4
4408,Malaysia,71.117,Asia,1980,2282.47025147258,31.6,3.73,30.0
4418,Malaysia,72.384,Asia,1990,4411.44164789795,26.0,3.33,30.0
4428,Malaysia,74.25,Asia,2000,8343.30254803955,17.85,2.45,30.4
4450,Maldives,54.676,Asia,1970,527.032644800106,38.9,6.14,29.1
4460,Maldives,62.847,Asia,1980,1135.03935383333,48.0,6.42,29.6
4470,Maldives,70.088,Asia,1990,3007.51147395971,27.5,3.67,28.8
4480,Maldives,77.069,Asia,2000,6719.33026777068,18.8,2.16,28.8
4512,Mali,45.877,Africa,1980,257.203125279719,46.6,7.1,29.0
4522,Mali,49.797,Africa,1990,315.055891465811,45.5,6.72,28.8
4555,Malta,71.8942682926829,Europe,1970,3153.36305791715,16.3,2.02,29.0
4565,Malta,75.3041219512195,Europe,1980,6092.94325420388,16.0,1.93,28.9
4574,Malta,77.7390243902439,Europe,1990,9756.30575720589,15.1,1.82,29.0
4584,Malta,80.2414634146342,Europe,2000,20928.4734220958,9.6,1.38,28.9
4605,Marshall Islands,60.874,Oceania,1970,834.38356740664,46.1,8.43,30.6
4615,Marshall Islands,62.19,Oceania,1980,1633.30168044812,39.7,5.34,27.3
4632,Marshall Islands,63.48,Oceania,1990,2143.327413902,28.9,3.93,26.6
4639,Marshall Islands,63.745,Oceania,2000,2402.24968344558,30.35,3.74,26.6
4676,Mauritania,60.819,Africa,1990,757.809078360693,31.3,4.49,30.3
4686,Mauritania,62.8,Africa,2000,1418.94082542364,29.1,4.31,31.6
4708,Mauritius,65.3064390243902,Africa,1970,1378.70679092182,26.8,3.83,28.8
4718,Mauritius,68.95,Africa,1980,2102.27611139463,18.7,2.28,27.5
4728,Mauritius,70.9609756097561,Africa,1990,3762.64477343761,18.4,2.13,27.1
4736,Mauritius,72.8824390243903,Africa,2000,7132.64423296455,15.1,1.81,27.2
4758,Mexico,64.189,North America,1970,2594.31079399794,41.1,6.56,30.0
4768,Mexico,69.623,North America,1980,3173.0151395039,34.9,4.6,28.4
4780,Mexico,73.225,North America,1990,6230.69720074254,29.8,3.26,27.8
4795,Mexico,74.376,North America,2000,8321.85985639121,22.55,2.77,26.9
4811,Mongolia,55.65,Asia,1970,245.636453972012,41.3,7.49,31.5
4820,Mongolia,58.344,Asia,1980,815.531827321245,38.0,5.48,29.7
4830,Mongolia,62.529,Asia,1990,519.422395534993,24.4,2.65,27.8
4840,Mongolia,66.766,Asia,2000,1993.07465730398,19.0,1.96,28.5
4871,Montenegro,75.1439024390244,Europe,2000,6589.38195455114,11.8,1.6,28.4
4873,Montenegro,75.6826097560976,Europe,1990,2806.66803586126,14.9,1.79,28.0
4893,Morocco,54.351,Africa,1970,974.622222908292,48.0,6.88,30.1
4903,Morocco,61.899,Africa,1980,1110.83539769633,31.6,4.64,31.1
4913,Morocco,66.406,Africa,1990,1481.72619025499,23.6,3.3,31.3
4923,Morocco,70.458,Africa,2000,2965.34572190605,19.5,2.48,29.7
4952,Mozambique,42.795,Africa,1970,573.844246153663,48.0,6.7,30.4
4955,Mozambique,44.143,Africa,1980,273.153975907292,47.0,6.49,30.0
4965,Mozambique,48.812,Africa,1990,344.701780596292,39.2,5.16,28.4
4975,Mozambique,53.788,Africa,2000,531.026967161011,40.2,5.54,28.8
5008,Myanmar,56.565,Asia,1980,149.09946997578,34.8,3.52,30.3
5018,Myanmar,59.881,Asia,1990,158.067611231893,22.4,2.83,30.8
5027,Myanmar,63.155,Asia,2000,730.232016907837,18.55,1.85,30.4
5055,Namibia,55.496,Africa,2000,4292.34326640643,26.25,3.22,30.3
5087,Namibia,62.496,Africa,1990,2034.85734345299,34.6,4.18,30.2
5102,Nauru,59.123,Oceania,2000,5300.80926734442,26.3,3.82,25.8
5126,Nauru,61.463,Oceania,1990,3570.95100207223,23.3,3.55,27.7
5129,Nauru,61.538,Oceania,1970,5034.02706823436,22.3,5.18,29.8
5153,Nepal,47.266,Asia,1970,130.418173774992,42.0,6.3,30.4
5163,Nepal,54.127,Asia,1980,184.10896276005,39.0,5.11,29.3
5173,Nepal,62.113,Asia,1990,222.874218169444,37.2,4.64,27.5
5183,Nepal,66.761,Asia,2000,524.639223534909,26.35,3.13,26.0
5205,Netherlands,75.6060975609756,Europe,1970,12796.9951509961,18.3,2.58,28.2
5216,Netherlands,76.890243902439,Europe,1980,17741.1474101487,12.3,1.51,28.4
5225,Netherlands,77.8829268292683,Europe,1990,27859.1777558115,12.3,1.54,30.0
5235,Netherlands,80.5487804878049,Europe,2000,52492.382474924,11.5,1.68,31.0
5258,New Zealand,73.0682926829269,Oceania,1970,6681.66455326576,22.1,3.15,26.7
5267,New Zealand,74.8243902439024,Oceania,1980,13388.5657831411,16.0,1.92,27.2
5277,New Zealand,78.0853658536585,Oceania,1990,15007.6322322763,15.7,1.98,28.3
5287,New Zealand,80.7024390243902,Oceania,2000,28207.7422218362,14.0,2.0,29.5
5310,Nicaragua,56.299,North America,1970,920.533181079436,50.0,6.0,29.8
5319,Nicaragua,62.475,North America,1980,830.254358127983,45.0,5.79,28.0
5329,Nicaragua,67.12,North America,1990,958.406927195637,29.4,3.62,27.2
5339,Nicaragua,71.433,North America,2000,1438.09074581137,24.85,3.23,26.9
5371,Niger,41.221,Africa,1980,372.655784973717,52.0,7.5,28.6
5381,Niger,48.738,Africa,1990,239.908480384252,51.7,7.2,28.7
5391,Niger,57.396,Africa,2000,449.456664316869,47.099999999999994,7.07,30.2
5433,Nigeria,46.638,Africa,1980,2761.68581658871,42.05,6.01,29.7
5443,Nigeria,50.712,Africa,2000,1863.90823340049,41.150000000000006,5.66,29.2
5465,Norway,75.4185365853659,Europe,1970,11462.3668360275,16.7,2.5,27.0
5475,Norway,76.500487804878,Europe,1980,24280.1023964887,12.3,1.68,27.5
5485,Norway,78.3292682926829,Europe,1990,34786.7071923354,13.8,1.88,28.8
5495,Norway,80.7951219512195,Europe,2000,79969.4396922595,12.3,1.84,29.8
5527,Oman,69.156,Asia,1980,5408.03010439109,49.0,7.51,29.0
5538,Oman,73.184,Asia,1990,7711.08050304575,34.0,7.39,30.7
5548,Oman,74.681,Asia,2000,20557.3141468901,21.85,2.59,31.7
5569,Pakistan,57.146,Asia,1970,333.270354587264,42.2,6.27,29.5
5579,Pakistan,59.62,Asia,1980,439.689046706567,43.3,7.01,30.8
5588,Pakistan,61.679,Asia,1990,519.58873206552,36.6,5.48,29.6
5598,Pakistan,64.14,Asia,2000,880.326719998429,28.4,3.79,30.3
5613,Palau,70.4936585365854,Oceania,2000,7494.32221433641,13.0,1.91,28.3
5614,Palau,71.8446341463415,Oceania,1990,6414.70381776977,23.3,2.83,27.9
5624,Panama,68.989,North America,1970,1690.80338005292,35.3,5.07,27.8
5633,Panama,70.888,North America,1980,2585.9842632056852,26.6,3.2,27.0
5643,Panama,73.622,North America,1990,3955.34402368915,23.1,2.72,26.7
5654,Panama,76.343,North America,2000,7618.43844917447,19.7,2.39,26.6
5675,Papua New Guinea,57.003,Oceania,1970,1263.70101726545,47.5,7.11,30.6
5695,Papua New Guinea,61.672,Oceania,1990,975.408315661901,33.9,4.84,29.8
5705,Papua New Guinea,62.788,Oceania,2000,1578.96843960642,34.25,4.55,30.7
5727,Paraguay,64.448,South America,1970,1303.10960645527,35.3,5.86,30.8
5737,Paraguay,67.469,South America,1980,1263.16253983948,32.8,4.71,29.3
5747,Paraguay,69.634,South America,1990,1880.27897285301,34.3,4.34,28.7
5758,Paraguay,71.635,South America,2000,3921.2050281587,27.2,2.92,28.3
5779,Peru,59.303,South America,1970,733.529196821532,42.4,6.18,29.9
5789,Peru,64.352,South America,1980,1607.17482480915,34.8,4.12,29.4
5799,Peru,69.743,South America,1990,1912.3942358544,27.5,3.53,28.7
5810,Peru,73.466,South America,2000,4165.92707049917,18.950000000000003,2.5,28.3
5831,Philippines,62.349,Asia,1970,662.04654328019,39.0,5.89,30.6
5852,Philippines,69.298,Asia,1990,1123.16356191368,28.55,3.73,29.2
5862,Philippines,70.633,Asia,2000,1893.28162262113,24.8,3.54,28.9
5895,Poland,71.1170731707317,Europe,1970,1369.19923099899,16.8,2.23,27.1
5896,Poland,71.3317073170732,Europe,1980,1880.16329158978,18.2,2.33,26.4
5903,Poland,73.0439024390244,Europe,1990,4433.08155139153,11.3,1.61,26.9
5914,Poland,75.6951219512195,Europe,2000,11405.223333635,9.5,1.15,28.2
5934,Portugal,71.1682926829268,Europe,1970,2748.2078820023,19.9,3.1,29.0
5946,Portugal,74.2658536585366,Europe,1980,6047.13652322054,13.0,1.77,27.1
5954,Portugal,75.9634146341463,Europe,1990,12451.7781944085,10.7,1.41,28.1
5964,Portugal,78.7268292682927,Europe,2000,23008.1261461732,10.4,1.41,29.3
5985,Puerto Rico,73.04,North America,1970,4083.49867096539,24.8,3.15,27.1
5995,Puerto Rico,73.853,North America,1980,8157.78753121678,19.0,2.42,26.4
6005,Puerto Rico,75.536,North America,1990,15394.2801020442,17.2,2.07,25.9
6015,Puerto Rico,77.877,North America,2000,25778.8640039327,12.3,1.76,26.0
6047,Qatar,73.594,Asia,1980,15197.8750981787,25.1,4.49,30.2
6057,Qatar,74.809,Asia,1990,17651.5446818047,20.7,3.24,29.0
6067,Qatar,77.878,Asia,2000,60734.0626113088,16.8,2.52,29.8
6103,Romania,69.7263414634147,Europe,1980,2112.55170311951,15.8,2.26,25.4
6105,Romania,69.7419512195122,Europe,1970,1275.47470558659,21.1,2.89,26.7
6108,Romania,70.5121951219512,Europe,1990,1631.34222044833,10.4,1.34,25.0
6118,Romania,73.309756097561,Europe,2000,8506.7704183449,10.2,1.32,26.7
6148,Russian Federation,68.6846341463415,Europe,2000,8623.8036670827,10.2,1.29,26.5
6150,Russian Federation,68.8860975609756,Europe,1990,3878.64558197748,9.2,1.33,24.8
6181,Rwanda,47.153,Africa,1970,58.4666318310897,51.0,7.66,30.6
6183,Rwanda,48.431,Africa,1990,332.656380406473,40.1,6.23,31.3
6201,Rwanda,61.958,Africa,2000,564.678936026227,36.8,6.08,31.0
6223,Samoa,64.39,Oceania,1970,686.392510117851,37.7,7.0,30.3
6233,Samoa,67.471,Oceania,1980,670.430335521095,28.6,6.7,30.6
6244,Samoa,70.456,Oceania,1990,1295.72103310604,25.9,4.76,31.7
6253,Samoa,72.155,Oceania,2000,3565.14067059782,27.950000000000003,4.37,29.7
6291,Sao Tome and Principe,61.334,Africa,1980,822.183581009606,41.5,7.23,29.2
6294,Sao Tome and Principe,61.471,Africa,1990,942.751823102417,34.9,5.38,29.1
6305,Sao Tome and Principe,65.116,Africa,2000,1054.41620063238,34.15,4.66,29.5
6346,Saudi Arabia,72.136,Asia,1990,7697.27195331417,34.1,6.1,31.4
6356,Saudi Arabia,75.431,Asia,2000,15064.631309859,17.85,3.03,31.5
6378,Senegal,48.196,Africa,1970,697.117471767494,48.9,6.44,29.5
6389,Senegal,56.438,Africa,1980,890.228990910267,47.0,6.38,29.4
6399,Senegal,57.139,Africa,1990,999.223448728609,39.3,5.66,30.4
6408,Senegal,63.923,Africa,2000,1318.66378158498,38.2,5.26,29.7
6431,Serbia,71.6894878048781,Europe,1990,2163.86365954271,13.2,1.83,26.6
6441,Serbia,73.9853658536585,Europe,2000,5874.43993537143,9.649999999999999,1.45,27.3
6464,Seychelles,70.3829268292683,Africa,1980,2642.10416335793,26.5,3.25,27.6
6477,Seychelles,72.6682926829268,Africa,1990,9533.93928166812,21.0,2.35,26.9
6487,Seychelles,73.2536585365854,Africa,2000,9183.68380456839,18.5,2.21,27.4
6507,Sierra Leone,42.873,Africa,1970,358.000475421304,50.2,6.51,28.6
6522,Sierra Leone,44.047,Africa,1980,261.94213453178503,49.8,6.25,28.7
6523,Sierra Leone,44.057,Africa,1990,203.28714048957,45.4,6.6,28.6
6533,Sierra Leone,52.626,Africa,2000,392.006674751954,39.85,6.1,29.8
6555,Singapore,71.6392195121951,Asia,1970,4122.61327055962,22.1,3.1,29.1
6565,Singapore,74.9463414634146,Asia,1980,10671.8832545701,15.5,1.62,28.7
6575,Singapore,77.5512195121951,Asia,1990,21754.0098450548,13.8,1.77,29.8
6585,Singapore,81.2414634146342,Asia,2000,38747.1145815222,8.8,1.25,30.1
6607,Slovenia,75.009756097561,Europe,1990,11434.0979184133,9.5,1.29,27.0
6617,Slovenia,78.9707317073171,Europe,2000,24621.413841575,9.1,1.26,29.3
6649,Solomon Islands,65.186,Oceania,1980,532.880783049882,36.2,6.07,29.5
6659,Solomon Islands,67.069,Oceania,1990,1064.80735449979,31.8,4.77,29.2
6696,Somalia,47.305,Africa,1970,95.6578535613616,43.2,6.98,31.8
6704,Somalia,48.903,Africa,1980,127.376288900432,49.0,7.29,31.3
6723,Somalia,51.853,Africa,2000,251.371291702842,47.0,8.24,30.8
6750,South Africa,58.47,Africa,2000,3241.66124019474,19.6,2.88,28.8
6755,South Africa,59.395,Africa,1970,2030.75149052014,39.6,4.94,30.1
6778,South Africa,63.375,Africa,1990,2926.44063688943,22.1,2.9,28.3
6809,Spain,74.8187804878049,Europe,1970,5770.16140331981,19.4,2.82,29.5
6819,Spain,76.8136585365854,Europe,1980,10677.1330274681,11.9,1.63,28.5
6829,Spain,78.7170731707317,Europe,1990,15654.6565146925,9.2,1.18,30.0
6839,Spain,81.4756097560976,Europe,2000,32037.2091902656,10.7,1.35,30.9
6862,Sri Lanka,68.13,Asia,1970,276.713342906569,29.3,4.22,29.7
6877,Sri Lanka,71.549,Asia,1980,485.219230306639,24.0,2.68,28.6
6884,Sri Lanka,72.118,Asia,2000,1419.75003477059,18.9,2.36,28.8
6891,Sri Lanka,73.052,Asia,1990,686.462577942977,18.8,1.88,28.4
6927,Suriname,61.878,South America,1970,2841.63315264361,36.2,5.51,28.1
6937,Suriname,64.01,South America,1980,1846.98575555732,30.8,3.07,26.7
6951,Suriname,65.697,South America,1990,2491.66036552019,21.3,2.37,26.5
6957,Suriname,69.505,South America,2000,7300.87435451753,18.049999999999997,2.14,27.3
6979,Sweden,75.5241463414634,Europe,1970,14872.9989227747,13.7,1.94,26.9
6991,Sweden,77.7268292682927,Europe,1980,25626.0545433849,11.8,1.73,28.4
6999,Sweden,79.4414634146342,Europe,1990,30972.4356601415,11.7,1.74,29.2
7009,Sweden,81.3512195121951,Europe,2000,46932.2156879948,11.2,1.77,30.5
7032,Switzerland,75.4660975609756,Europe,1970,18281.1639658854,16.0,2.09,27.8
7042,Switzerland,77.4212195121951,Europe,1980,31337.8193310986,11.5,1.51,28.4
7051,Switzerland,79.580487804878,Europe,1990,41797.9763925693,11.7,1.5,29.3
7061,Switzerland,82.0439024390244,Europe,2000,72168.2506953755,9.8,1.42,30.5
7083,Tajikistan,62.621,Asia,1990,173.631722008596,28.9,3.62,27.6
7095,Tajikistan,68.039,Asia,2000,666.708362401642,26.549999999999997,3.93,28.4
7115,Thailand,63.209,Asia,1970,637.501825567782,32.9,6.11,30.8
7125,Thailand,70.122,Asia,1980,1378.29368575885,23.9,2.24,27.6
7137,Thailand,72.862,Asia,1990,1841.04293314729,17.9,2.02,26.9
7145,Thailand,75.842,Asia,2000,4154.18614182554,11.55,1.49,27.0
7177,Timor-Leste,64.854,Asia,2000,682.172080822869,37.8,7.77,30.9
7199,Togo,50.765,Africa,1970,427.714484617436,45.0,6.64,30.3
7217,Togo,54.39,Africa,1980,453.873865821285,44.6,6.44,30.3
7218,Togo,54.538,Africa,1990,360.519318217407,34.9,5.2,30.1
7250,Tonga,65.782,Oceania,1970,605.26057668587,31.4,6.16,31.0
7260,Tonga,67.162,Oceania,1980,1541.15086788847,29.9,5.2,30.7
7270,Tonga,68.809,Oceania,1990,1933.35618655192,30.4,4.16,30.5
7280,Tonga,70.164,Oceania,2000,3151.95031465201,27.6,3.88,30.8
7307,Trinidad and Tobago,67.768,North America,1970,4367.67929273996,24.4,3.63,27.7
7315,Trinidad and Tobago,68.438,North America,1980,3632.55070241628,28.6,3.2,27.4
7323,Trinidad and Tobago,69.17,North America,1990,4301.26554189992,15.3,1.81,27.2
7334,Trinidad and Tobago,73.126,North America,2000,14445.2140111783,13.850000000000001,1.62,27.3
7354,Tunisia,63.211,Africa,1970,1230.12201758145,36.3,6.09,30.7
7364,Tunisia,69.671,Africa,1980,1343.29615060732,31.0,4.44,30.4
7374,Tunisia,73.508,Africa,1990,2344.00574518984,20.9,2.61,30.6
7385,Tunisia,75.267,Africa,2000,4029.46120631103,17.6,2.04,31.1
7405,Turkmenistan,64.518,Asia,1990,856.888554260673,28.9,2.88,27.5
7415,Turkmenistan,67.958,Asia,2000,3901.67028309872,24.4,2.6,24.4
7438,Tuvalu,60.506,Oceania,1970,529.470726804929,23.7,4.03,29.3
7457,Tuvalu,63.427,Oceania,1990,1429.69409132325,24.6,3.37,30.2
7502,Uganda,46.701,Africa,1980,419.134773509108,50.0,7.38,29.1
7508,Uganda,47.786,Africa,1990,305.601526235194,48.1,6.86,28.4
7519,Uganda,56.488,Africa,2000,793.279606625486,44.8,6.67,29.0
7549,Ukraine,69.19,Europe,2000,2650.28029993595,9.0,1.22,25.7
7583,United Arab Emirates,71.757,Asia,1980,23443.4129024975,34.5,5.91,31.7
7593,United Arab Emirates,73.67,Asia,1990,27618.1505688275,26.049999999999997,2.8,30.7
7603,United Arab Emirates,78.003,Asia,2000,32137.1447460508,14.7,1.96,27.1
7672,Uruguay,70.279,South America,1970,2617.82511239995,19.5,2.71,27.8
7682,Uruguay,73.002,South America,1980,2777.29414303375,17.9,2.49,27.8
7692,Uruguay,74.769,South America,1990,7314.486924295,17.6,2.55,27.3
7703,Uruguay,76.738,South America,2000,9467.5352793624,15.15,1.96,27.6
7724,Uzbekistan,65.383,Asia,1990,833.560402021839,29.9,3.34,26.3
7734,Uzbekistan,68.871,Asia,2000,1501.04345640077,20.6,2.58,26.8
7756,Vanuatu,60.446,Oceania,1970,1131.32807962346,45.0,6.75,29.1
7766,Vanuatu,66.134,Oceania,1980,1073.64865217008,37.0,4.88,29.3
7811,Zambia,47.926,Africa,1990,493.70445580168,45.65,6.08,28.8
7838,Zambia,55.3,Africa,2000,1150.93892148996,43.45,5.87,28.9
7863,Zimbabwe,48.063,Africa,2000,762.297957461508,32.55,3.8,28.1
7888,Zimbabwe,59.426,Africa,1990,1340.74301023355,31.8,3.98,28.3
7902,Zimbabwe,62.023,Africa,1980,1070.46136109319,39.5,5.42,29.5
