,country,year,GDP_Per_Capita,birth_rate_per_thousand,total_fertility,mean_age_at_childbearing_
0,Afghanistan,1970,193.9974174283908,48.1,8.21,30.0
3,Afghanistan,2000,269.67924994690827,38.400000000000006,7.52,30.1
6,Albania,1970,968.0146603782496,32.5,5.16,29.7
7,Albania,1980,755.6348687560674,26.2,3.33,28.8
8,Albania,1990,686.4962434382148,23.6,2.86,27.6
9,Albania,2000,2555.608841212106,12.6,1.61,27.7
12,Algeria,1970,936.336972064445,43.9,7.86,30.4
13,Algeria,1980,2435.600458502577,38.3,5.35,31.8
14,Algeria,1990,1733.798176985522,25.1,4.38,31.7
15,Algeria,2000,2952.776904543027,21.4,2.38,32.1
21,Andorra,2000,37550.253517032754,10.5,1.27,30.8
27,Angola,2000,1938.551270714665,42.5,5.79,29.3
31,Anguilla,1980,4277.437971402459,26.6,2.91,26.8
32,Anguilla,1990,10976.20553482325,17.0,1.84,26.7
33,Anguilla,2000,19236.77689589451,12.2,1.44,27.8
36,Antigua and Barbuda,1970,1141.9043570873712,25.4,2.68,27.1
37,Antigua and Barbuda,1980,3971.461956080806,18.7,1.86,25.8
38,Antigua and Barbuda,1990,8694.92825585417,19.9,2.2,27.2
39,Antigua and Barbuda,2000,12691.03744220941,21.1,2.36,28.1
42,Argentina,1970,1970.251299061445,22.7,3.07,28.1
43,Argentina,1980,3302.597624715112,21.4,2.96,27.6
44,Argentina,1990,7646.601546922156,18.9,2.56,27.8
45,Argentina,2000,6265.008883973484,18.4,2.38,28.0
48,Armenia,1990,498.8991713109449,13.0,1.63,24.8
49,Armenia,2000,1890.7504453872739,11.7,1.37,25.4
52,Aruba,1970,4174.213198022774,20.7,2.53,28.3
53,Aruba,1980,7381.87234657903,18.2,1.94,27.0
54,Aruba,1990,17533.23184410986,17.8,2.08,27.2
55,Aruba,2000,24269.757596636067,12.3,1.74,27.2
58,Australia,1970,7001.876643848525,20.6,2.86,27.1
59,Australia,1980,13771.383319517761,15.7,1.89,27.7
60,Australia,1990,20830.60597117286,14.2,1.82,29.0
61,Australia,2000,34879.531512712754,12.7,1.79,30.1
64,Austria,1970,5167.302828615086,15.0,2.31,26.6
65,Austria,1980,12192.00865180475,11.6,1.48,26.6
66,Austria,1990,26009.34868237788,11.2,1.41,27.7
67,Austria,2000,37015.5948945256,9.5,1.41,29.0
70,Azerbaijan,1990,583.824788153319,18.6,2.19,26.3
71,Azerbaijan,2000,2188.397580429223,16.7,2.33,26.2
74,Bahamas,1970,5678.252433558328,28.9,3.38,27.8
75,Bahamas,1980,13151.320282773013,27.3,2.48,26.9
76,Bahamas,1990,18658.221934450532,24.8,2.47,27.7
77,Bahamas,2000,27220.54098805178,14.25,1.9,27.9
80,Bahrain,1970,4603.541262827479,29.2,6.7,25.6
81,Bahrain,1980,10013.073089334386,29.5,4.53,30.7
82,Bahrain,1990,10496.062641267135,24.1,3.01,31.0
83,Bahrain,2000,16810.94821687693,18.15,2.61,29.6
86,Bangladesh,1970,117.2920198032834,42.9,6.08,27.5
87,Bangladesh,1980,207.4035496314647,38.0,4.61,28.1
88,Bangladesh,1990,307.135575502127,29.5,3.26,25.8
89,Bangladesh,2000,468.2372850440446,27.4,3.02,25.5
92,Barbados,1970,1838.6896826962718,20.4,2.97,27.2
93,Barbados,1980,5694.617939026928,16.9,1.86,26.6
94,Barbados,1990,9023.816337349705,15.8,1.74,27.8
95,Barbados,2000,14264.11315801127,12.850000000000001,1.9,27.5
98,Belarus,1990,1561.532672321929,9.9,1.38,24.9
99,Belarus,2000,3142.156327516415,9.3,1.2,26.2
102,Belgium,1970,6500.10930671207,14.7,2.24,27.2
103,Belgium,1980,11901.346200072652,11.6,1.55,27.4
104,Belgium,1990,24344.877124177478,11.4,1.56,28.5
105,Belgium,2000,34848.897813699376,11.65,1.75,30.9
108,Belize,1970,674.4331160887489,36.4,6.25,28.5
109,Belize,1980,1666.239812738858,35.7,5.02,27.6
110,Belize,1990,3795.3065500990315,30.1,4.0,27.0
115,Benin,1980,325.00222881707543,54.0,7.08,29.4
116,Benin,1990,419.9944837465059,40.6,5.96,29.5
117,Benin,2000,778.8282598432706,41.35,5.74,29.2
120,Bermuda,1970,8972.58040484765,20.0,1.86,26.5
121,Bermuda,1980,25311.68363351887,16.0,1.85,27.2
122,Bermuda,1990,43132.35135015541,13.6,1.74,28.7
123,Bermuda,2000,78390.53383308544,12.899999999999999,1.81,28.7
128,Bhutan,1990,537.1317136428529,39.9,5.59,29.4
129,Bhutan,2000,1223.030261337273,26.55,4.69,29.4
132,Bolivia (Plurinational State of),1970,405.45189721990016,46.6,6.81,30.7
133,Bolivia (Plurinational State of),1980,649.8595178975748,40.2,5.04,29.2
134,Bolivia (Plurinational State of),1990,848.7587070528656,30.7,4.23,29.0
135,Bolivia (Plurinational State of),2000,1162.282490401881,26.8,3.84,29.0
138,Bosnia and Herzegovina,1990,1018.0997538125928,12.8,1.71,26.9
139,Bosnia and Herzegovina,2000,2803.781196529477,9.0,1.2,27.3
142,Botswana,1970,348.0617606449212,44.5,6.5,30.8
143,Botswana,1980,1117.5729261363276,41.6,4.54,30.0
145,Botswana,2000,4426.546680299185,29.3,3.27,28.1
148,Brazil,1970,931.6265469614051,37.7,5.15,29.5
149,Brazil,1980,1698.6499112314061,31.9,3.37,28.0
150,Brazil,1990,3736.709150483822,21.6,2.54,26.6
151,Brazil,2000,5170.7777516282895,17.049999999999997,2.01,26.0
155,British Virgin Islands,1980,4136.578028828256,20.3,1.92,27.9
156,British Virgin Islands,1990,22719.481026853096,15.5,2.19,27.3
157,British Virgin Islands,2000,42427.91674105869,13.6,1.99,27.4
160,Brunei Darussalam,1970,8420.222014157662,39.5,5.84,28.9
161,Brunei Darussalam,1980,20303.02630393522,30.5,3.59,28.8
162,Brunei Darussalam,1990,16232.978359248558,25.7,2.74,29.9
163,Brunei Darussalam,2000,27214.56342857458,18.4,2.27,29.6
166,Bulgaria,1970,1303.765936668416,16.3,2.17,24.7
167,Bulgaria,1980,1839.957311451571,13.3,1.97,24.0
168,Bulgaria,1990,1561.6539397215315,8.6,1.23,24.2
169,Bulgaria,2000,3936.263415169623,9.2,1.31,26.1
173,Burkina Faso,1980,276.72574584348007,49.6,7.18,29.4
174,Burkina Faso,1990,311.7946292708576,46.1,6.44,29.5
175,Burkina Faso,2000,419.91430682771534,40.7,5.88,29.6
178,Burundi,1970,110.15553184771527,44.5,6.13,30.7
180,Burundi,1990,173.2326292477147,48.0,6.69,31.5
181,Burundi,2000,137.83464185627523,38.9,5.6,31.4
192,Cambodia,1990,265.017280551785,38.0,5.64,29.6
193,Cambodia,2000,486.4383150554211,24.85,3.4,29.0
197,Cameroon,1980,1101.5002885481408,41.0,5.82,28.3
198,Cameroon,1990,958.1766978927448,35.4,4.8,28.3
199,Cameroon,2000,1079.892399830617,37.8,4.97,28.3
202,Canada,1970,7180.021154642638,17.1,2.26,27.2
203,Canada,1980,14847.16785982713,14.5,1.65,27.4
204,Canada,1990,21185.78948839059,12.9,1.64,28.2
205,Canada,2000,34222.467818315396,10.95,1.55,29.5
208,Cayman Islands,1970,6748.9993165662045,32.8,4.24,29.9
209,Cayman Islands,1980,25242.79038605339,18.2,1.79,26.3
210,Cayman Islands,1990,54989.593415875475,14.8,1.66,26.7
211,Cayman Islands,2000,81442.70618225541,14.4,1.87,28.8
214,Central African Republic,1970,243.8834106249748,43.0,5.84,28.7
215,Central African Republic,1980,423.5644889079429,41.6,6.07,29.7
216,Central African Republic,1990,376.4262247329145,38.3,5.08,28.2
222,Chad,1990,258.3194814788667,43.6,6.37,28.0
223,Chad,2000,563.7352722470164,44.6,6.34,28.3
226,Chile,1970,1347.223298338688,27.4,3.57,28.4
227,Chile,1980,2127.200828817996,21.6,2.33,27.4
228,Chile,1990,4381.031479492734,18.5,2.23,27.4
229,Chile,2000,7379.338914530517,14.55,1.82,28.0
238,"China, Hong Kong SAR",1970,2442.778290831785,20.0,3.31,29.5
239,"China, Hong Kong SAR",1980,7578.612032361035,14.0,1.47,28.8
240,"China, Hong Kong SAR",1990,21400.685421789727,11.1,1.16,29.6
241,"China, Hong Kong SAR",2000,26805.628848288372,10.05,0.98,29.8
250,Colombia,1970,860.2182913066263,34.8,4.54,30.0
251,Colombia,1980,1798.727761180174,28.1,3.2,28.0
252,Colombia,1990,2535.887084952274,26.5,2.96,27.0
253,Colombia,2000,3522.921823706104,19.2,2.39,26.6
257,Comoros,1980,803.0228824974855,46.0,5.55,30.0
258,Comoros,1990,1017.1496197457533,31.6,4.66,30.3
262,Congo,1970,405.8500339531464,41.0,6.99,29.7
263,Congo,1980,1108.0616553867553,45.2,5.94,29.4
265,Congo,2000,1690.6845588432384,40.0,4.8,28.9
268,Cook Islands,1970,885.2939574592862,37.1,6.2,28.5
269,Cook Islands,1980,2322.665245667889,23.9,3.66,28.0
270,Cook Islands,1990,5554.967223543668,25.3,3.69,28.0
274,Costa Rica,1970,1274.2598326534498,33.4,4.92,29.0
275,Costa Rica,1980,1836.2341385114269,33.8,3.52,27.4
276,Costa Rica,1990,2996.760166189989,25.6,2.71,27.0
277,Costa Rica,2000,4970.266908723303,16.5,2.0,26.7
280,Croatia,1990,4059.059122904492,10.7,1.48,27.2
281,Croatia,2000,9953.874253631762,9.6,1.41,28.4
284,Cuba,1970,1269.2736441040386,27.7,3.69,26.5
285,Cuba,1980,2307.063405282848,18.1,1.89,24.7
286,Cuba,1990,2395.73301882964,13.5,1.48,25.5
287,Cuba,2000,3978.2623339856486,10.7,1.36,26.3
293,Cyprus,1970,1964.114940132567,19.2,2.74,28.5
294,Cyprus,1980,5969.408891576127,18.5,2.38,26.9
295,Cyprus,1990,13416.46164277627,11.5,2.03,28.1
296,Cyprus,2000,24057.78225196476,8.4,1.42,29.6
304,Côte d'Ivoire,1980,889.4784317223872,48.0,6.76,29.0
305,Côte d'Ivoire,1990,823.4006062146842,39.8,5.18,29.5
311,Democratic People's Republic of Korea,1990,494.837202330997,17.3,2.19,28.7
315,Democratic Republic of the Congo,1970,411.92199715688093,43.8,6.22,28.4
316,Democratic Republic of the Congo,1980,361.8869179015706,48.1,6.7,30.3
318,Democratic Republic of the Congo,2000,220.7697861448841,46.3,7.07,30.1
321,Denmark,1970,7702.0181108987235,14.4,1.96,26.7
322,Denmark,1980,15635.21769782333,10.5,1.44,27.7
323,Denmark,1990,31170.666442973707,13.3,1.82,29.2
324,Denmark,2000,46263.60414928969,11.9,1.8,30.2
329,Djibouti,1990,767.5760137936618,30.3,5.08,31.5
333,Dominica,1970,546.6420675108322,35.8,5.48,28.3
334,Dominica,1980,1702.6911325421358,22.8,2.94,26.9
335,Dominica,1990,3891.934064817996,20.7,2.67,27.8
336,Dominica,2000,5600.2410238405955,14.3,2.1,28.7
339,Dominican Republic,1970,793.3716810474285,36.9,6.2,30.3
341,Dominican Republic,1990,1943.4396127318512,27.7,3.16,26.0
342,Dominican Republic,2000,3597.830527624071,22.799999999999997,2.99,25.7
345,Ecuador,1970,1005.0957970794345,37.4,5.9,29.8
346,Ecuador,1980,1851.9267599324007,32.8,4.24,28.8
347,Ecuador,1990,1888.0086145766709,28.2,3.29,28.0
348,Ecuador,2000,2911.705639647792,24.2,2.84,27.4
352,Egypt,1980,455.617311473418,37.6,4.54,28.6
353,Egypt,1990,974.4712698995245,25.9,3.63,28.1
354,Egypt,2000,1404.8193336327154,24.3,3.13,27.9
357,El Salvador,1970,430.6790427490272,40.0,6.13,28.6
358,El Salvador,1980,846.4983288960102,29.0,4.22,27.2
359,El Salvador,1990,1416.0172632927079,28.1,3.59,27.0
360,El Salvador,2000,2436.13771868731,18.05,2.81,26.8
364,Equatorial Guinea,1980,247.3873218986268,42.0,5.96,28.0
365,Equatorial Guinea,1990,613.0834708826492,43.1,5.51,30.1
366,Equatorial Guinea,2000,8938.018623070286,43.2,5.92,28.4
369,Eritrea,1990,278.7751122186487,38.3,6.1,30.0
373,Estonia,1990,3364.7630063451275,9.4,1.32,25.6
374,Estonia,2000,10274.433330201977,10.7,1.5,28.2
377,Ethiopia,1990,159.7496039947024,39.0,5.52,29.7
378,Ethiopia,2000,179.6085376126599,35.1,5.41,29.8
381,Fiji,1970,976.1437177976093,29.9,4.22,28.4
382,Fiji,1980,1662.6676411751062,27.9,3.14,26.9
383,Fiji,1990,2194.599815708808,24.2,2.95,26.9
384,Fiji,2000,2973.933035000965,21.55,2.61,28.2
387,Finland,1970,5463.787121738017,14.0,1.82,27.1
388,Finland,1980,14536.043406205548,12.8,1.65,28.4
389,Finland,1990,24300.32803799662,12.3,1.81,29.3
390,Finland,2000,37614.75026442738,11.0,1.8,29.9
413,France,1970,6194.2553371520835,16.7,2.47,27.7
414,France,1980,12894.586238101865,13.9,1.83,28.0
415,France,1990,24184.75936002346,12.6,1.7,29.5
416,France,2000,33473.54186909242,12.7,1.91,30.2
419,French Polynesia,1970,4740.1117531112195,38.1,6.68,28.4
420,French Polynesia,1980,11001.853886802053,31.1,3.81,26.9
421,French Polynesia,1990,17512.987291291112,22.7,2.75,27.3
422,French Polynesia,2000,19889.18062580151,17.5,2.16,27.8
427,Gabon,1990,5178.754695352901,36.0,5.17,28.3
431,Gambia,1970,721.0325341523768,49.0,6.35,28.3
432,Gambia,1980,1082.277217920875,50.0,5.95,28.2
433,Gambia,1990,1051.2090299106108,46.2,6.04,28.8
437,Georgia,1990,847.4623349032681,11.9,1.54,25.0
438,Georgia,2000,1776.8533981478618,10.7,1.39,26.0
441,Germany,1970,6183.470403554583,13.5,2.02,26.8
442,Germany,1980,12690.08306933608,10.5,1.39,27.4
443,Germany,1990,26940.59653278846,9.4,1.25,28.9
444,Germany,2000,34010.75956990586,8.3,1.33,29.5
447,Ghana,1970,496.7532971049277,49.6,7.04,29.5
449,Ghana,1990,824.4021501540362,34.45,4.43,29.4
450,Ghana,2000,983.9075804144462,31.700000000000003,4.44,30.3
453,Greece,1970,3224.671605756999,16.5,2.43,27.4
454,Greece,1980,5981.979526825916,11.7,1.68,26.3
455,Greece,1990,11815.71155488013,9.5,1.32,28.2
456,Greece,2000,21538.643659574802,9.7,1.34,29.8
459,Greenland,1970,4648.5351344297,24.6,3.47,27.0
460,Greenland,1980,11786.273149396317,21.4,2.23,26.4
461,Greenland,1990,21066.041305426963,20.1,2.54,26.5
462,Greenland,2000,32055.605387675012,15.6,2.34,26.6
465,Grenada,1970,481.8078929655376,29.0,4.64,27.8
466,Grenada,1980,1408.081651859951,34.0,3.54,27.5
467,Grenada,1990,2783.158678005017,23.2,3.0,28.4
471,Guatemala,1970,532.9796457922058,40.5,5.75,28.8
472,Guatemala,1980,974.2973879752941,42.2,5.88,29.2
473,Guatemala,1990,1162.2649652759715,37.2,4.81,28.8
474,Guatemala,2000,2025.708681615622,28.25,3.97,28.6
478,Guinea,1980,501.0727222451833,45.5,5.84,28.8
479,Guinea,1990,645.5965128681089,37.3,5.96,28.6
480,Guinea,2000,551.1766047173988,38.4,5.7,29.0
489,Guyana,1970,851.6615916941873,33.4,4.88,27.6
490,Guyana,1980,969.01294985885,24.5,2.63,27.3
491,Guyana,1990,1191.641033286312,20.7,2.36,27.8
492,Guyana,2000,2676.9310434789127,21.9,3.71,28.5
495,Haiti,1970,170.3087683275485,37.6,5.7,31.8
496,Haiti,1980,387.7032565457641,36.0,6.4,30.1
497,Haiti,1990,532.631963283579,34.1,4.78,30.2
498,Haiti,2000,822.8206580555088,27.049999999999997,3.53,30.9
501,Honduras,1970,453.2843486154763,49.2,7.5,29.3
502,Honduras,1980,982.3903862877339,38.0,5.33,28.7
503,Honduras,1990,820.9811241372017,28.8,4.95,28.6
507,Hungary,1970,1207.8144176811413,14.7,1.98,25.5
508,Hungary,1980,2574.5266789248717,12.2,1.83,25.1
509,Hungary,1990,4188.029569894782,11.0,1.57,26.3
510,Hungary,2000,10091.102369269156,9.7,1.22,28.5
513,Iceland,1970,7014.636895916243,19.7,2.79,27.3
514,Iceland,1980,16529.79118138527,16.0,1.95,27.4
515,Iceland,1990,27226.96433203328,16.0,2.08,28.7
516,Iceland,2000,46180.290653912074,14.5,2.04,29.4
519,India,1970,159.6720445302643,36.9,5.35,29.4
520,India,1980,309.8737363818877,32.9,4.27,27.9
521,India,1990,376.07144517198213,28.3,3.33,27.5
522,India,2000,716.156832099185,23.8,2.88,26.8
525,Indonesia,1970,249.24916683945213,40.6,4.78,28.1
526,Indonesia,1980,616.7723087635181,35.5,3.08,28.3
527,Indonesia,1990,945.7410628583712,23.0,2.79,28.1
528,Indonesia,2000,1451.642512627002,20.6,2.56,28.2
537,Iraq,1970,618.716952377736,42.6,7.13,31.0
539,Iraq,1990,543.3084117576502,29.4,4.64,30.4
540,Iraq,2000,2059.2683872217835,31.0,4.02,30.1
543,Ireland,1970,2960.201620071763,21.9,3.85,30.3
544,Ireland,1980,7637.277528856813,17.7,2.49,29.9
545,Ireland,1990,18922.513464648382,13.5,1.88,30.3
546,Ireland,2000,45953.07058222848,14.7,1.88,31.2
549,Israel,1970,3827.239408350706,27.2,3.91,28.3
550,Israel,1980,8047.955538747437,23.5,3.12,28.5
551,Israel,1990,16859.45548252779,21.1,2.89,29.3
552,Israel,2000,23095.1399454951,20.8,2.83,30.0
555,Italy,1970,3949.2649263534067,16.8,2.41,28.2
556,Italy,1980,10482.362611615594,10.2,1.41,28.1
557,Italy,1990,21386.047843074888,9.2,1.19,29.8
558,Italy,2000,30153.01873022761,9.5,1.3,30.8
561,Jamaica,1970,1441.1809147248866,34.7,5.54,27.4
562,Jamaica,1980,1652.818693665117,24.5,2.95,26.8
563,Jamaica,1990,2596.493426938769,25.6,2.67,26.9
564,Jamaica,2000,4089.2684324663255,17.05,1.93,27.3
567,Japan,1970,4933.320091633679,19.0,2.1,27.8
568,Japan,1980,14968.491166788092,11.9,1.73,28.3
569,Japan,1990,34937.30002448417,9.5,1.39,29.4
570,Japan,2000,37095.98707583801,8.4,1.22,30.0
573,Jordan,1970,748.6504710321449,47.7,7.63,29.5
574,Jordan,1980,1921.378865540386,36.6,5.57,30.4
575,Jordan,1990,1477.8341094596722,32.2,4.35,29.9
576,Jordan,2000,2406.910688347139,28.5,3.59,29.9
579,Kazakhstan,1990,1416.550996288135,17.5,2.1,26.0
580,Kazakhstan,2000,3962.4019801877876,20.549999999999997,2.21,27.7
584,Kenya,1980,600.0026136201956,48.0,6.66,29.0
585,Kenya,1990,527.2459034310721,34.8,4.7,28.3
586,Kenya,2000,706.4449380176253,36.15,4.88,28.5
595,Kiribati,1970,608.8358793838529,34.9,4.34,28.9
596,Kiribati,1980,476.53374336148784,37.5,4.77,29.6
597,Kiribati,1990,809.3987512010663,32.2,4.53,30.0
598,Kiribati,2000,1057.288524911925,26.6,3.89,29.8
605,Kuwait,1970,9386.822817338909,44.9,6.78,28.8
606,Kuwait,1980,12438.810954356342,31.6,4.31,29.4
607,Kuwait,1990,14321.156458006542,25.3,3.13,29.4
608,Kuwait,2000,32436.70299606519,22.5,2.76,29.8
611,Kyrgyzstan,1990,408.3414343392693,25.6,3.36,26.4
612,Kyrgyzstan,2000,527.2586756554504,21.9,2.74,28.0
617,Lao People's Democratic Republic,1990,300.5889832981827,41.3,4.88,29.6
618,Lao People's Democratic Republic,2000,560.7049271759146,34.35,4.08,28.7
621,Latvia,1990,2614.37838405173,8.7,1.25,25.8
622,Latvia,2000,8325.564202463522,9.3,1.31,28.2
625,Lebanon,1970,1216.0098364525886,34.4,4.57,30.2
627,Lebanon,1990,2614.9556781239967,27.0,2.91,29.6
631,Lesotho,1970,135.52084562046167,40.2,5.62,30.3
632,Lesotho,1980,248.6403439092393,37.0,5.49,30.2
633,Lesotho,1990,421.0999430457899,30.0,4.77,31.0
634,Lesotho,2000,642.7594383630034,25.85,3.54,28.5
638,Liberia,1980,497.3804286099833,27.3,6.66,29.3
640,Liberia,2000,233.8919925596809,38.95,5.2,28.8
643,Libya,1970,5696.886467500992,41.2,7.24,30.0
644,Libya,1980,8430.271150393262,40.2,6.32,30.8
645,Libya,1990,6924.016216435874,18.6,3.87,33.3
646,Libya,2000,8220.254776123433,19.65,2.51,32.5
649,Liechtenstein,1970,12749.718136789368,19.8,2.79,30.1
650,Liechtenstein,1980,33621.9843106583,13.7,1.44,29.5
651,Liechtenstein,1990,76583.81560178111,13.7,1.56,30.2
652,Liechtenstein,2000,115220.75819699245,11.0,1.5,31.1
655,Lithuania,1990,2382.030336203499,11.1,1.49,25.6
656,Lithuania,2000,7826.137548265768,8.9,1.27,27.6
659,Luxembourg,1970,8806.454246302015,13.0,1.98,27.2
660,Luxembourg,1980,17249.416093277792,11.2,1.4,27.9
661,Luxembourg,1990,44017.31112199088,13.3,1.7,28.9
662,Luxembourg,2000,79989.57123026604,11.5,1.63,29.7
665,Madagascar,1970,246.0541586028117,45.0,6.62,29.3
667,Madagascar,1990,282.1641644177647,43.150000000000006,5.96,28.5
668,Madagascar,2000,357.325991999365,34.349999999999994,5.18,28.4
671,Malawi,1970,209.62274400148164,48.3,6.65,30.6
672,Malawi,1980,302.5743215919515,41.2,7.58,29.7
673,Malawi,1990,301.5391120673767,37.9,6.35,28.9
674,Malawi,2000,312.8412242587087,41.55,6.04,28.8
677,Malaysia,1970,853.2328331206829,36.8,4.67,29.4
678,Malaysia,1980,2032.800302600767,31.6,3.73,30.0
679,Malaysia,1990,3659.4500399850613,26.0,3.33,30.0
680,Malaysia,2000,5591.382302609326,17.85,2.45,30.4
683,Maldives,1970,413.59519517301135,38.9,6.14,29.1
684,Maldives,1980,829.7735365148332,48.0,6.42,29.6
685,Maldives,1990,2083.6608425748027,27.5,3.67,28.8
686,Maldives,2000,4495.816813573902,18.8,2.16,28.8
690,Mali,1980,204.2675730514893,46.6,7.1,29.0
691,Mali,1990,301.6101421529981,45.5,6.72,28.8
695,Malta,1970,1597.8074528053362,16.3,2.02,29.0
696,Malta,1980,4304.2003713173,16.0,1.93,28.9
697,Malta,1990,8928.329122450468,15.1,1.82,29.0
698,Malta,2000,15414.698792859921,9.6,1.38,28.9
701,Marshall Islands,1970,574.2155463414346,46.1,8.43,30.6
702,Marshall Islands,1980,1250.0306423718425,39.7,5.34,27.3
703,Marshall Islands,1990,2087.4253996989382,28.9,3.93,26.6
704,Marshall Islands,2000,2511.195603738173,30.35,3.74,26.6
709,Mauritania,1990,988.4207310623357,31.3,4.49,30.3
710,Mauritania,2000,1011.52425115113,29.1,4.31,31.6
713,Mauritius,1970,700.7122377289238,26.8,3.83,28.8
714,Mauritius,1980,1464.509597665055,18.7,2.28,27.5
715,Mauritius,1990,3340.091357354402,18.4,2.13,27.1
716,Mauritius,2000,5473.682912532449,15.1,1.81,27.2
719,Mexico,1970,1590.0193496518389,41.1,6.56,30.0
720,Mexico,1980,2940.506520918453,34.9,4.6,28.4
721,Mexico,1990,5026.3574357777015,29.8,3.26,27.8
722,Mexico,2000,8253.476419376097,22.55,2.77,26.9
725,Micronesia (Federated States of),1970,631.0055190663269,41.0,7.17,30.2
726,Micronesia (Federated States of),1980,1191.9194316425733,37.9,6.19,31.6
727,Micronesia (Federated States of),1990,1889.6428334388952,27.0,4.04,30.9
728,Micronesia (Federated States of),2000,2265.590066377569,22.85,3.11,29.3
737,Mongolia,1970,239.77597734655768,41.3,7.49,31.5
738,Mongolia,1980,624.2235925692636,38.0,5.48,29.7
739,Mongolia,1990,673.6732036039641,24.4,2.65,27.8
740,Mongolia,2000,1245.6689545899953,19.0,1.96,28.5
743,Montenegro,1990,1857.793046816983,14.9,1.79,28.0
744,Montenegro,2000,3900.236465315571,11.8,1.6,28.4
748,Montserrat,1980,3953.822544836731,20.0,2.26,25.7
749,Montserrat,1990,6907.596375333141,12.2,1.56,28.1
750,Montserrat,2000,9846.683598340262,12.4,1.61,27.4
753,Morocco,1970,573.1643915291536,48.0,6.88,30.1
754,Morocco,1980,903.3828738489201,31.6,4.64,31.1
755,Morocco,1990,1391.2516914357209,23.6,3.3,31.3
756,Morocco,2000,2068.487778143236,19.5,2.48,29.7
759,Mozambique,1970,583.6669967534525,48.0,6.7,30.4
760,Mozambique,1980,505.7451616315322,47.0,6.49,30.0
761,Mozambique,1990,249.658966592695,39.2,5.16,28.4
762,Mozambique,2000,409.63956494084533,40.2,5.54,28.8
766,Myanmar,1980,168.9346723193549,34.8,3.52,30.3
767,Myanmar,1990,192.50372190738548,22.4,2.83,30.8
768,Myanmar,2000,352.2099802561051,18.55,1.85,30.4
773,Namibia,1990,2257.864866249598,34.6,4.18,30.2
774,Namibia,2000,3194.141996949732,26.25,3.22,30.3
777,Nauru,1970,3992.028487242312,22.3,5.18,29.8
779,Nauru,1990,3541.581732912665,23.3,3.55,27.7
780,Nauru,2000,2739.69360145022,26.3,3.82,25.8
783,Nepal,1970,102.43412820088997,42.0,6.3,30.4
784,Nepal,1980,159.3314328492007,39.0,5.11,29.3
785,Nepal,1990,198.6096864418094,37.2,4.64,27.5
786,Nepal,2000,339.6364715632305,26.35,3.13,26.0
789,Netherlands,1970,7073.864018364436,18.3,2.58,28.2
790,Netherlands,1980,13259.296653294197,12.3,1.51,28.4
791,Netherlands,1990,25596.44716548849,12.3,1.54,30.0
792,Netherlands,2000,40784.319862308635,11.5,1.68,31.0
795,New Caledonia,1970,5105.510164798059,37.3,5.29,27.9
796,New Caledonia,1980,7736.54225060037,23.4,2.92,28.1
797,New Caledonia,1990,16127.950910230971,22.2,2.56,28.1
798,New Caledonia,2000,25057.68137709497,17.5,2.2,29.0
801,New Zealand,1970,4367.698049761543,22.1,3.15,26.7
802,New Zealand,1980,9396.68487366735,16.0,1.92,27.2
803,New Zealand,1990,15025.693954039441,15.7,1.98,28.3
804,New Zealand,2000,23624.02801439327,14.0,2.0,29.5
807,Nicaragua,1970,737.3725911969161,50.0,6.0,29.8
808,Nicaragua,1980,923.8173192147075,45.0,5.79,28.0
809,Nicaragua,1990,885.0769213184536,29.4,3.62,27.2
810,Nicaragua,2000,1171.3596832196313,24.85,3.23,26.9
814,Niger,1980,407.7323325599981,52.0,7.5,28.6
815,Niger,1990,301.13104941525,51.7,7.2,28.7
816,Niger,2000,320.542566273215,47.099999999999994,7.07,30.2
820,Nigeria,1980,2052.4003836780525,42.05,6.01,29.7
822,Nigeria,2000,1249.7519318824775,41.150000000000006,5.66,29.2
825,Norway,1970,7586.227900083858,16.7,2.5,27.0
826,Norway,1980,18205.14698791596,12.3,1.68,27.5
827,Norway,1990,32461.670017856763,13.8,1.88,28.8
828,Norway,2000,63046.56265441196,12.3,1.84,29.8
832,Oman,1980,6370.148343246562,49.0,7.51,29.0
833,Oman,1990,6722.619821694892,34.0,7.39,30.7
834,Oman,2000,14627.857233479304,21.85,2.59,31.7
837,Pakistan,1970,227.7662387046642,42.2,6.27,29.5
838,Pakistan,1980,415.67037817809216,43.3,7.01,30.8
839,Pakistan,1990,518.8479159032332,36.6,5.48,29.6
840,Pakistan,2000,660.6129315226594,28.4,3.79,30.3
843,Palau,1970,1198.8127170029957,34.3,6.52,31.7
844,Palau,1980,3045.415248609676,17.7,3.05,29.9
845,Palau,1990,6409.353015435967,23.3,2.83,27.9
846,Palau,2000,8942.866501199362,13.0,1.91,28.3
849,Panama,1970,1162.6063776842386,35.3,5.07,27.8
850,Panama,1980,2473.932662686318,26.6,3.2,27.0
851,Panama,1990,3309.398092713015,23.1,2.72,26.7
852,Panama,2000,5136.599774684061,19.7,2.39,26.6
855,Papua New Guinea,1970,826.4267999110356,47.5,7.11,30.6
857,Papua New Guinea,1990,1470.114782946366,33.9,4.84,29.8
858,Papua New Guinea,2000,1145.1363923036338,34.25,4.55,30.7
861,Paraguay,1970,643.5569124927708,35.3,5.86,30.8
862,Paraguay,1980,1735.5762857179911,32.8,4.71,29.3
863,Paraguay,1990,1973.152362339526,34.3,4.34,28.7
864,Paraguay,2000,2448.527178732597,27.2,2.92,28.3
867,Peru,1970,639.9144838583411,42.4,6.18,29.9
868,Peru,1980,1152.282990348988,34.8,4.12,29.4
869,Peru,1990,1848.6901310802818,27.5,3.53,28.7
870,Peru,2000,2814.64880715674,18.950000000000003,2.5,28.3
873,Philippines,1970,387.5913002811472,39.0,5.89,30.6
875,Philippines,1990,1057.1965000720757,28.55,3.73,29.2
876,Philippines,2000,1359.65775421513,24.8,3.54,28.9
879,Poland,1970,1441.4375950848666,16.8,2.23,27.1
880,Poland,1980,1928.275463622751,18.2,2.33,26.4
881,Poland,1990,3286.5267363902167,11.3,1.61,26.9
882,Poland,2000,8008.150358515913,9.5,1.15,28.2
885,Portugal,1970,1862.6393427142,19.9,3.1,29.0
886,Portugal,1980,3801.5247214966817,13.0,1.77,27.1
887,Portugal,1990,10713.34552376129,10.7,1.41,28.1
888,Portugal,2000,17885.73740108835,10.4,1.41,29.3
891,Puerto Rico,1970,2812.3583925074117,24.8,3.15,27.1
892,Puerto Rico,1980,6096.127035044372,19.0,2.42,26.4
893,Puerto Rico,1990,11572.051036912777,17.2,2.07,25.9
894,Puerto Rico,2000,21397.995164567103,12.3,1.76,26.0
898,Qatar,1980,19494.88697801689,25.1,4.49,30.2
899,Qatar,1990,16871.37153458256,20.7,3.24,29.0
900,Qatar,2000,47041.43514809471,16.8,2.52,29.8
903,Republic of Korea,1970,748.147441760429,30.7,4.27,29.8
904,Republic of Korea,1980,2922.478254004874,16.1,1.66,26.4
905,Republic of Korea,1990,9803.5328741388,15.4,1.66,28.2
906,Republic of Korea,2000,17543.304922333868,9.3,1.14,30.0
909,Republic of Moldova,1990,601.5186619832709,13.0,1.75,24.8
910,Republic of Moldova,2000,956.2325229391492,10.5,1.22,26.1
917,Romania,1970,1085.3579814045145,21.1,2.89,26.7
918,Romania,1980,2248.8366989653327,15.8,2.26,25.4
919,Romania,1990,1504.8224399584594,10.4,1.34,25.0
920,Romania,2000,4972.4450660445955,10.2,1.32,26.7
923,Russian Federation,1990,2816.269704451133,9.2,1.33,24.8
924,Russian Federation,2000,5526.85832032878,10.2,1.29,26.5
927,Rwanda,1970,127.44424273929772,51.0,7.66,30.6
929,Rwanda,1990,245.2280740307095,40.1,6.23,31.3
930,Rwanda,2000,345.293163554702,36.8,6.08,31.0
933,Saint Kitts and Nevis,1970,959.2750134948577,25.7,5.09,27.6
934,Saint Kitts and Nevis,1980,2802.755950646885,23.3,2.84,27.0
935,Saint Kitts and Nevis,1990,7150.492416601701,18.3,2.21,27.0
936,Saint Kitts and Nevis,2000,12732.700397464874,18.049999999999997,2.53,26.9
939,Saint Lucia,1970,772.5990669479659,39.0,6.29,27.5
940,Saint Lucia,1980,2359.794359660466,33.8,3.97,26.8
941,Saint Lucia,1990,4826.666441770839,25.5,3.01,27.7
942,Saint Lucia,2000,6837.950716423082,14.15,1.84,27.7
945,Saint Vincent and the Grenadines,1970,368.0961547660588,35.7,6.11,27.3
946,Saint Vincent and the Grenadines,1980,1213.3111113250209,26.4,2.9,26.4
947,Saint Vincent and the Grenadines,1990,2817.015279224182,23.6,2.74,26.9
948,Saint Vincent and the Grenadines,2000,5204.456817654631,18.0,2.11,27.3
951,Samoa,1970,498.65427408192863,37.7,7.0,30.3
952,Samoa,1980,632.498945971765,28.6,6.7,30.6
953,Samoa,1990,1036.7784576046122,25.9,4.76,31.7
954,Samoa,2000,2307.975349591205,27.950000000000003,4.37,29.7
957,San Marino,1970,7703.87885687059,15.0,2.11,27.4
958,San Marino,1980,18793.2836381386,9.3,1.13,27.8
959,San Marino,1990,40710.17300972544,9.8,1.24,30.1
964,Sao Tome and Principe,1980,812.1988834565238,41.5,7.23,29.2
965,Sao Tome and Principe,1990,771.566872351307,34.9,5.38,29.1
966,Sao Tome and Principe,2000,741.9029951566388,34.15,4.66,29.5
971,Saudi Arabia,1990,7690.237103515799,34.1,6.1,31.4
972,Saudi Arabia,2000,12384.748177304475,17.85,3.03,31.5
975,Senegal,1970,452.8469340575839,48.9,6.44,29.5
976,Senegal,1980,718.7241201085375,47.0,6.38,29.4
977,Senegal,1990,817.3527863724951,39.3,5.66,30.4
978,Senegal,2000,971.7471400102643,38.2,5.26,29.7
981,Serbia,1990,2470.8937768042388,13.2,1.83,26.6
982,Serbia,2000,3712.096877000383,9.649999999999999,1.45,27.3
985,Seychelles,1970,1030.8054566256728,31.1,5.55,29.4
986,Seychelles,1980,3480.048093953613,26.5,3.25,27.6
987,Seychelles,1990,7955.780780675482,21.0,2.35,26.9
988,Seychelles,2000,10313.486296433657,18.5,2.21,27.4
991,Sierra Leone,1970,235.67365304181908,50.2,6.51,28.6
992,Sierra Leone,1980,355.8447020684172,49.8,6.25,28.7
993,Sierra Leone,1990,242.06272367546808,45.4,6.6,28.6
994,Sierra Leone,2000,295.8525515112099,39.85,6.1,29.8
997,Singapore,1970,2353.8103964655866,22.1,3.1,29.1
998,Singapore,1980,7302.056761265766,15.5,1.62,28.7
999,Singapore,1990,20489.08409739234,13.8,1.77,29.8
1000,Singapore,2000,29779.560038480722,8.8,1.25,30.1
1006,Slovakia,1990,3343.753066759902,11.5,1.51,25.6
1007,Slovakia,2000,9537.575765871827,10.1,1.26,27.7
1010,Slovenia,1990,9114.484710655053,9.5,1.29,27.0
1011,Slovenia,2000,17805.51548678099,9.1,1.26,29.3
1015,Solomon Islands,1980,574.7448196573597,36.2,6.07,29.5
1016,Solomon Islands,1990,904.9154226900962,31.8,4.77,29.2
1020,Somalia,1970,123.66519334495281,43.2,6.98,31.8
1021,Somalia,1980,120.64758891780882,49.0,7.29,31.3
1023,Somalia,2000,371.48832808457917,47.0,8.24,30.8
1026,South Africa,1970,1345.9111725448151,39.6,4.94,30.1
1028,South Africa,1990,3440.99300950623,22.1,2.9,28.3
1029,South Africa,2000,4957.241471852215,19.6,2.88,28.8
1035,Spain,1970,2954.159319689796,19.4,2.82,29.5
1036,Spain,1980,6553.428055160208,11.9,1.63,28.5
1037,Spain,1990,14858.68783255994,9.2,1.18,30.0
1038,Spain,2000,24792.779245810052,10.7,1.35,30.9
1041,Sri Lanka,1970,278.3803150829523,29.3,4.22,29.7
1042,Sri Lanka,1980,413.9788203795309,24.0,2.68,28.6
1043,Sri Lanka,1990,795.5011054608979,18.8,1.88,28.4
1044,Sri Lanka,2000,1488.6283878618174,18.9,2.36,28.8
1047,State of Palestine,1970,400.3344584448441,37.7,7.47,31.7
1048,State of Palestine,1980,768.0437443269842,32.7,6.47,29.3
1049,State of Palestine,1990,1184.8442305805113,39.900000000000006,6.38,28.9
1056,Suriname,1970,1675.9164501864282,36.2,5.51,28.1
1057,Suriname,1980,3113.968436588815,30.8,3.07,26.7
1058,Suriname,1990,2160.048709153192,21.3,2.37,26.5
1059,Suriname,2000,4265.643419921134,18.049999999999997,2.14,27.3
1062,Sweden,1970,9109.20081961581,13.7,1.94,26.9
1063,Sweden,1980,17524.889650816458,11.8,1.73,28.4
1064,Sweden,1990,30204.32250793468,11.7,1.74,29.2
1065,Sweden,2000,41327.984776817306,11.2,1.77,30.5
1068,Switzerland,1970,9909.451636242273,16.0,2.09,27.8
1069,Switzerland,1980,22616.83504938593,11.5,1.51,28.4
1070,Switzerland,1990,42694.45094202503,11.7,1.5,29.3
1071,Switzerland,2000,55407.438234502006,9.8,1.42,30.5
1074,Syrian Arab Republic,1970,645.6697964259904,46.5,7.68,29.8
1075,Syrian Arab Republic,1980,1359.7195497866055,45.0,5.66,29.5
1076,Syrian Arab Republic,1990,1030.3164404321583,33.0,3.84,29.7
1077,Syrian Arab Republic,2000,1637.621489653932,28.0,3.58,29.6
1080,Tajikistan,1990,280.75354505489565,28.9,3.62,27.6
1081,Tajikistan,2000,365.4322633317996,26.549999999999997,3.93,28.4
1084,Thailand,1970,378.1736574495534,32.9,6.11,30.8
1085,Thailand,1980,926.2048940292786,23.9,2.24,27.6
1086,Thailand,1990,2239.041001727957,17.9,2.02,26.9
1087,Thailand,2000,2962.007195282204,11.55,1.49,27.0
1091,Timor-Leste,2000,523.3289866253756,37.8,7.77,30.9
1094,Togo,1970,255.3874828681428,45.0,6.64,30.3
1095,Togo,1980,362.8299814141999,44.6,6.44,30.3
1096,Togo,1990,419.6559328136047,34.9,5.2,30.1
1100,Tonga,1970,406.5435916976435,31.4,6.16,31.0
1101,Tonga,1980,1006.801515168668,29.9,5.2,30.7
1102,Tonga,1990,1969.623709976932,30.4,4.16,30.5
1103,Tonga,2000,2367.352011654989,27.6,3.88,30.8
1106,Trinidad and Tobago,1970,2214.9072507377387,24.4,3.63,27.7
1107,Trinidad and Tobago,1980,5583.754554912912,28.6,3.2,27.4
1108,Trinidad and Tobago,1990,4459.109665102961,15.3,1.81,27.2
1109,Trinidad and Tobago,2000,11806.732363741334,13.850000000000001,1.62,27.3
1112,Tunisia,1970,723.1229311525697,36.3,6.09,30.7
1113,Tunisia,1980,1318.230707711105,31.0,4.44,30.4
1114,Tunisia,1990,2003.277628853942,20.9,2.61,30.6
1115,Tunisia,2000,3068.7072656505197,17.6,2.04,31.1
1118,Turkmenistan,1990,671.4992038764909,28.9,2.88,27.5
1119,Turkmenistan,2000,2727.7155089284943,24.4,2.6,24.4
1128,Tuvalu,1970,546.0742254997095,23.7,4.03,29.3
1130,Tuvalu,1990,1215.225851668801,24.6,3.37,30.2
1141,Uganda,1980,328.4540275000694,50.0,7.38,29.1
1142,Uganda,1990,282.2545417489001,48.1,6.86,28.4
1143,Uganda,2000,422.21943543677537,44.8,6.67,29.0
1147,Ukraine,2000,1915.435378013716,9.0,1.22,25.7
1151,United Arab Emirates,1980,31873.00430546818,34.5,5.91,31.7
1152,United Arab Emirates,1990,26942.28769523368,26.049999999999997,2.8,30.7
1153,United Arab Emirates,2000,37475.76679668015,14.7,1.96,27.1
1178,Uruguay,1970,1420.230074264787,19.5,2.71,27.8
1179,Uruguay,1980,2656.497878665437,17.9,2.49,27.8
1180,Uruguay,1990,5843.277501553377,17.6,2.55,27.3
1181,Uruguay,2000,6187.7492606947035,15.15,1.96,27.6
1184,Uzbekistan,1990,771.4772175133934,29.9,3.34,26.3
1185,Uzbekistan,2000,780.7501869748555,20.6,2.58,26.8
1188,Vanuatu,1970,713.6267784877588,45.0,6.75,29.1
1189,Vanuatu,1980,990.2972671793161,37.0,4.88,29.3
1194,Venezuela (Bolivarian Republic of),1970,2310.037586095323,36.6,5.68,28.7
1195,Venezuela (Bolivarian Republic of),1980,3716.310590852011,29.3,3.59,28.1
1196,Venezuela (Bolivarian Republic of),1990,3126.052257295909,23.8,2.87,27.1
1197,Venezuela (Bolivarian Republic of),2000,6445.2646784114495,22.950000000000003,2.65,26.8
1201,Viet Nam,1980,69.79983967790811,30.0,4.8,32.1
1202,Viet Nam,1990,244.26640032901668,19.2,2.34,27.4
1203,Viet Nam,2000,767.3364261769002,17.5,2.08,27.3
1207,Yemen,1990,370.5773245126703,43.93333333333334,6.49,30.2
1208,Yemen,2000,876.9047799287962,39.7,6.16,30.8
1219,Zambia,1990,420.407387961744,45.65,6.08,28.8
1220,Zambia,2000,763.7146920025504,43.45,5.87,28.9
1224,Zimbabwe,1980,1173.5996409043103,39.5,5.42,29.5
1225,Zimbabwe,1990,1051.8736560181312,31.8,3.98,28.3
1226,Zimbabwe,2000,638.7421852888829,32.55,3.8,28.1
